{"format":2,"version":"5.4","globals":"38c562db668a4c95c907bca7a3be0717","files":{"TestPythonMain_py":{"hash":"a422da2e22ba98bed7b2fc585f236dfa","index":{"nums":[1,15,0,2,0,0,0],"html_filename":"TestPythonMain_py.html","relative_filename":"TestPythonMain.py"}},"_usr_lib_python3_6__bootlocale_py":{"hash":"6f069224db3f80837ac6425dd0e9fb67","index":{"nums":[1,17,0,7,0,0,0],"html_filename":"_usr_lib_python3_6__bootlocale_py.html","relative_filename":"/usr/lib/python3.6/_bootlocale.py"}},"_usr_lib_python3_6_codecs_py":{"hash":"b38f9e1101adedd7c3b5d3619848e688","index":{"nums":[1,397,0,394,0,0,0],"html_filename":"_usr_lib_python3_6_codecs_py.html","relative_filename":"/usr/lib/python3.6/codecs.py"}},"_usr_lib_python3_6_collections___init___py":{"hash":"519724bd37162085be47887454fb43f8","index":{"nums":[1,680,0,654,0,0,0],"html_filename":"_usr_lib_python3_6_collections___init___py.html","relative_filename":"/usr/lib/python3.6/collections/__init__.py"}},"_usr_lib_python3_6_encodings_ascii_py":{"hash":"83657d809ffd28f760110398d0bb5c61","index":{"nums":[1,19,0,18,0,0,0],"html_filename":"_usr_lib_python3_6_encodings_ascii_py.html","relative_filename":"/usr/lib/python3.6/encodings/ascii.py"}},"_usr_lib_python3_6_enum_py":{"hash":"214f9c3d5cbd4c5f2bddee8d389a4b94","index":{"nums":[1,438,0,430,0,0,0],"html_filename":"_usr_lib_python3_6_enum_py.html","relative_filename":"/usr/lib/python3.6/enum.py"}},"_usr_lib_python3_6_genericpath_py":{"hash":"59178664a1b94b93044adefb7f120347","index":{"nums":[1,72,0,58,0,0,0],"html_filename":"_usr_lib_python3_6_genericpath_py.html","relative_filename":"/usr/lib/python3.6/genericpath.py"}},"_usr_lib_python3_6_importlib__bootstrap_py":{"hash":"d1cdd1cac6bd132d7d43abe3c9a282ac","index":{"nums":[1,630,0,471,0,0,0],"html_filename":"_usr_lib_python3_6_importlib__bootstrap_py.html","relative_filename":"/usr/lib/python3.6/importlib/_bootstrap.py"}},"_usr_lib_python3_6_importlib__bootstrap_external_py":{"hash":"6efd8190a6e5bd1cf16f004840f0c3d0","index":{"nums":[1,709,0,544,0,0,0],"html_filename":"_usr_lib_python3_6_importlib__bootstrap_external_py.html","relative_filename":"/usr/lib/python3.6/importlib/_bootstrap_external.py"}},"_usr_lib_python3_6_posixpath_py":{"hash":"ff3ff839844b9484ca1e716b3bddc5e4","index":{"nums":[1,323,0,318,0,0,0],"html_filename":"_usr_lib_python3_6_posixpath_py.html","relative_filename":"/usr/lib/python3.6/posixpath.py"}},"_usr_lib_python3_6_re_py":{"hash":"68f8eeff14352986b93cf8d02bcca05e","index":{"nums":[1,153,0,139,0,0,0],"html_filename":"_usr_lib_python3_6_re_py.html","relative_filename":"/usr/lib/python3.6/re.py"}},"_usr_lib_python3_6_sre_compile_py":{"hash":"d22f2cbcabae75c304771c9ad841ffd6","index":{"nums":[1,401,0,255,0,0,0],"html_filename":"_usr_lib_python3_6_sre_compile_py.html","relative_filename":"/usr/lib/python3.6/sre_compile.py"}},"_usr_lib_python3_6_sre_parse_py":{"hash":"8a724be593f767f8613d3d29e857f057","index":{"nums":[1,757,0,591,0,0,0],"html_filename":"_usr_lib_python3_6_sre_parse_py.html","relative_filename":"/usr/lib/python3.6/sre_parse.py"}},"_usr_lib_python3_6_threading_py":{"hash":"d085346260e22c8b95ae5ce0c65ac2e0","index":{"nums":[1,577,0,576,0,0,0],"html_filename":"_usr_lib_python3_6_threading_py.html","relative_filename":"/usr/lib/python3.6/threading.py"}},"_usr_lib_python3_6_tokenize_py":{"hash":"8ddf18c857323225a8fa81848294b0a7","index":{"nums":[1,478,0,455,0,0,0],"html_filename":"_usr_lib_python3_6_tokenize_py.html","relative_filename":"/usr/lib/python3.6/tokenize.py"}},"_usr_lib_python3_6_urllib___init___py":{"hash":"af9d0d0de0ea3b71d198bc63f1499a7d","index":{"nums":[1,0,0,0,0,0,0],"html_filename":"_usr_lib_python3_6_urllib___init___py.html","relative_filename":"/usr/lib/python3.6/urllib/__init__.py"}},"_usr_lib_python3_6_urllib_parse_py":{"hash":"25377d3ceb284c867bd9a61804ed758b","index":{"nums":[1,549,0,352,0,0,0],"html_filename":"_usr_lib_python3_6_urllib_parse_py.html","relative_filename":"/usr/lib/python3.6/urllib/parse.py"}}}}